Topic,Question,Option A,Option B,Option C,Option D,Correct Option,Answer
Introduction to Prompt Engineering,What is prompt engineering in the context of AI?,Designing physical prompts for robots,Developing questions or instructions to guide AI responses,Engineering AI hardware,Creating software interfaces for AI,b,Developing questions or instructions to guide AI responses
Introduction to Prompt Engineering,Which AI model is most associated with prompt engineering?,Convolutional Neural Networks,Generative Adversarial Networks,Transformer-based models,Recurrent Neural Networks,c,Transformer-based models
Introduction to Prompt Engineering,What is a key benefit of effective prompt engineering?,Reduces the need for data preprocessing,Enhances the accuracy and relevance of AI outputs,Increases the speed of neural network training,Simplifies the development of AI hardware,b,Enhances the accuracy and relevance of AI outputs
Introduction to Prompt Engineering,Which of the following is NOT a primary goal of prompt engineering?,Maximizing the model's performance on specific tasks,Ensuring the prompt is understandable by humans,Improving the interpretability of AI models,Customizing AI behavior for different use cases,c,Improving the interpretability of AI models
Introduction to Prompt Engineering,Prompt engineering primarily involves which stage of AI development?,Data collection,Model training,Input formulation and interaction,Hardware design,c,Input formulation and interaction
Introduction to Prompt Engineering,Which term best describes a well-crafted prompt in AI?,Ambiguous,Concise,Complex,Generic,b,Concise
Introduction to Prompt Engineering,In prompt engineering what is a 'few-shot' prompt?,A prompt with multiple irrelevant examples,A prompt with several high-quality examples,A prompt with no examples,A prompt with a single example,b,A prompt with several high-quality examples
Introduction to Prompt Engineering,What is the primary challenge in prompt engineering?,Selecting the right programming language,Balancing prompt length and clarity,Designing AI hardware,Choosing the appropriate dataset,b,Balancing prompt length and clarity
Introduction to Prompt Engineering,What does the term 'zero-shot learning' refer to in prompt engineering?,Using no training data for the model,Designing prompts without any examples,Training the model on irrelevant data,Using very large datasets for training,b,Designing prompts without any examples
Introduction to Prompt Engineering,Which of the following tools is often used in prompt engineering?,TensorFlow,GPT-3,OpenCV,Hadoop,b,GPT-3
Introduction to Prompt Engineering,What is the role of context in prompt engineering?,It helps the model understand the task better,It reduces the computational requirements,It is irrelevant to prompt effectiveness,It simplifies model architecture,a,It helps the model understand the task better
Introduction to Prompt Engineering,How does prompt engineering contribute to ethical AI?,By ensuring AI models are energy-efficient,By making AI outputs more interpretable and reliable,By reducing the need for large datasets,By automating the design of AI models,b,By making AI outputs more interpretable and reliable
Introduction to Prompt Engineering,Which is an example of a poorly designed prompt?,Translate the following text: Hello.,What is the capital of France?,Explain the theory of relativity in one sentence.,Generate a 500-word essay on the impacts of climate change on agriculture.,d,Generate a 500-word essay on the impacts of climate change on agriculture.
Introduction to Prompt Engineering,What is one way to improve a prompt for better AI performance?,Make it longer and more detailed,Use complex language and jargon,Provide clear and specific instructions,Avoid giving any examples,c,Provide clear and specific instructions
Introduction to Prompt Engineering,Which of the following is a benefit of using templates in prompt engineering?,Increases the model's computational efficiency,Standardizes prompts for consistency and scalability,Makes the AI more creative,Eliminates the need for human oversight,b,Standardizes prompts for consistency and scalability
Introduction to Prompt Engineering,What is the 'context window' in prompt engineering?,The total number of prompts used in training,The sequence length the model can consider,The time taken to generate a response,The size of the training dataset,b,The sequence length the model can consider
Introduction to Prompt Engineering,What is one strategy for handling ambiguous prompts?,Increase the number of prompts,Use domain-specific terminology,Provide additional context or examples,Shorten the prompt length,c,Provide additional context or examples
Introduction to Prompt Engineering,How can prompt engineering help in model bias mitigation?,By eliminating biased training data,By framing questions in an unbiased manner,By reducing model size,By using more complex algorithms,b,By framing questions in an unbiased manner
Introduction to Prompt Engineering,Which industry is most likely to benefit from advanced prompt engineering?,Agriculture,Financial services,Construction,Textile manufacturing,b,Financial services
Introduction to Prompt Engineering,Why is iterative testing important in prompt engineering?,It helps in optimizing hardware,It ensures the AI outputs meet desired criteria,It reduces the overall project cost,It shortens the development timeline,b,It ensures the AI outputs meet desired criteria
Overview of AI & the Current Scenario,What does AI stand for?,Automatic Interface,Artificial Intelligence,Autonomous Integration,Advanced Information,b,Artificial Intelligence
Overview of AI & the Current Scenario,Which of the following is NOT a type of AI?,Narrow AI,General AI,Superintelligent AI,Semi-Supervised AI,d,Semi-Supervised AI
Overview of AI & the Current Scenario,What is the main goal of AI research?,To create machines that can think and learn like humans,To develop faster computers,To reduce energy consumption in data centers,To improve internet connectivity,a,To create machines that can think and learn like humans
Overview of AI & the Current Scenario,Which AI technology is used for understanding and generating human language?,Computer Vision,Natural Language Processing (NLP),Reinforcement Learning,Neural Networks,b,Natural Language Processing (NLP)
Overview of AI & the Current Scenario,What does the term 'machine learning' refer to?,Machines that learn to repair themselves,Algorithms that improve automatically through experience,Hardware that enhances its performance over time,Software that operates without human intervention,b,Algorithms that improve automatically through experience
Overview of AI & the Current Scenario,Which company developed the GPT-3 language model?,Google,Microsoft,OpenAI,IBM,c,OpenAI
Overview of AI & the Current Scenario,What is the significance of 'big data' in AI?,It reduces the complexity of algorithms,It provides a large volume of information for training AI models,It enhances the security of AI systems,It limits the scalability of AI applications,b,It provides a large volume of information for training AI models
Overview of AI & the Current Scenario,What is a common application of AI in everyday life?,Self-driving cars,Online banking,Video streaming,Social media posting,a,Self-driving cars
Overview of AI & the Current Scenario,Which of the following is a current trend in AI development?,Decreasing computational power,Increasing emphasis on ethical AI,Reduction in AI-related jobs,Decline in AI investment,b,Increasing emphasis on ethical AI
Overview of AI & the Current Scenario,What is 'deep learning'?,A type of machine learning based on layered neural networks,Learning that takes place in deep-sea environments,A method for deep-sea data analysis,A technique for improving hardware efficiency,a,A type of machine learning based on layered neural networks
Overview of AI & the Current Scenario,Which sector is most likely to see significant transformation due to AI?,Agriculture,Entertainment,Healthcare,Textile manufacturing,c,Healthcare
Overview of AI & the Current Scenario,What is 'reinforcement learning'?,Learning through positive and negative feedback,Learning by mimicking human actions,Learning using historical data,Learning with minimal human supervision,a,Learning through positive and negative feedback
Overview of AI & the Current Scenario,Which AI concept involves the creation of algorithms that can adapt and improve over time?,Static learning,Dynamic programming,Adaptive learning,Evolutionary computing,c,Adaptive learning
Overview of AI & the Current Scenario,What is 'computer vision'?,AI technology that focuses on interpreting visual information,AI designed to enhance computer graphics,Algorithms for optimizing screen resolutions,Software for computer-aided design,a,AI technology that focuses on interpreting visual information
Overview of AI & the Current Scenario,Which of the following is an AI-driven tool for business intelligence?,PowerPoint,Tableau,Excel,Photoshop,b,Tableau
Overview of AI & the Current Scenario,What does the term 'AI ethics' refer to?,The study of AI's impact on hardware,The principles guiding the development and use of AI,The efficiency of AI algorithms,The cost-effectiveness of AI solutions,b,The principles guiding the development and use of AI
Overview of AI & the Current Scenario,Which country is leading in AI research and development?,Australia,China,Brazil,Spain,b,China
Overview of AI & the Current Scenario,What is the purpose of AI in cybersecurity?,To enhance user interface design,To detect and prevent cyber threats,To create new malware,To increase internet speed,b,To detect and prevent cyber threats
Overview of AI & the Current Scenario,Which AI subfield focuses on game-playing algorithms?,Machine Translation,Game Theory,Autonomous Systems,Artificial General Intelligence,b,Game Theory
Overview of AI & the Current Scenario,What is the 'Turing Test'?,A method to measure computational speed,A test to determine if a machine exhibits intelligent behavior equivalent to a human,A technique for optimizing machine learning algorithms,A standard for AI ethical guidelines,b,A test to determine if a machine exhibits intelligent behavior equivalent to a human
AI in Education: A Glance at the Intersection of AI and Academics,How can AI improve personalized learning in education?,By standardizing curriculum across all schools,By providing customized learning experiences based on student data,By reducing the number of teachers needed,By creating uniform learning materials,b,By providing customized learning experiences based on student data
AI in Education: A Glance at the Intersection of AI and Academics,Which AI technology can help in grading student assignments?,Natural Language Processing,Computer Vision,Speech Recognition,Reinforcement Learning,a,Natural Language Processing
AI in Education: A Glance at the Intersection of AI and Academics,What is the role of AI tutors in education?,To replace human teachers completely,To assist students with personalized feedback and support,To design the school curriculum,To manage school administration tasks,b,To assist students with personalized feedback and support
AI in Education: A Glance at the Intersection of AI and Academics,How can AI assist in identifying learning disabilities?,By diagnosing medical conditions,By analyzing student performance data to detect patterns indicative of learning disabilities,By conducting psychological assessments,By interviewing students directly,b,By analyzing student performance data to detect patterns indicative of learning disabilities
AI in Education: A Glance at the Intersection of AI and Academics,Which of the following is a benefit of using AI in educational administration?,It reduces the need for physical classrooms,It automates administrative tasks such as scheduling and enrollment,It replaces the role of principals,It standardizes teaching methods,b,It automates administrative tasks such as scheduling and enrollment
AI in Education: A Glance at the Intersection of AI and Academics,What is a potential risk of relying heavily on AI in education?,Increased costs of education,Decreased need for textbooks,Reduced human interaction and oversight,Standardization of education quality,c,Reduced human interaction and oversight
AI in Education: A Glance at the Intersection of AI and Academics,How can AI enhance collaborative learning?,By promoting competition among students,By providing tools for virtual group projects and discussions,By isolating students based on their performance,By focusing on individual rather than group activities,b,By providing tools for virtual group projects and discussions
AI in Education: A Glance at the Intersection of AI and Academics,What is an example of an AI-powered educational tool?,Microsoft Word,Grammarly,Adobe Photoshop,Google Maps,b,Grammarly
AI in Education: A Glance at the Intersection of AI and Academics,In what way can AI help teachers?,By completely taking over classroom instruction,By providing insights into student performance and learning trends,By eliminating the need for lesson planning,By reducing teacher-student interaction time,b,By providing insights into student performance and learning trends
AI in Education: A Glance at the Intersection of AI and Academics,What is the purpose of adaptive learning platforms in education?,To adapt the curriculum to current events,To personalize learning paths for each student,To adapt teaching methods based on teacher preferences,To change classroom settings dynamically,b,To personalize learning paths for each student
AI in Education: A Glance at the Intersection of AI and Academics,How can AI support students with special needs?,By offering a one-size-fits-all approach to education,By developing customized learning aids and resources,By replacing the need for special education teachers,By reducing the curriculum complexity,b,By developing customized learning aids and resources
AI in Education: A Glance at the Intersection of AI and Academics,What role does AI play in educational content creation?,It automatically generates textbooks,It assists in creating interactive and engaging learning materials,It eliminates the need for content review,It reduces the diversity of educational materials,b,It assists in creating interactive and engaging learning materials
AI in Education: A Glance at the Intersection of AI and Academics,What is the advantage of using AI for educational assessments?,It standardizes all assessments,It provides real-time feedback and insights,It eliminates the need for physical exams,It reduces the importance of assessments,b,It provides real-time feedback and insights
AI in Education: A Glance at the Intersection of AI and Academics,Which AI application can help with language learning?,Speech recognition software,Predictive text algorithms,Virtual reality environments,Machine translation tools,d,Machine translation tools
AI in Education: A Glance at the Intersection of AI and Academics,How can AI-driven data analytics benefit educational institutions?,By predicting student enrollment trends,By designing new school buildings,By reducing the cost of textbooks,By standardizing teaching methods,a,By predicting student enrollment trends
AI in Education: A Glance at the Intersection of AI and Academics,What is the impact of AI on student engagement?,AI generally reduces student engagement,AI tools can enhance engagement through interactive content,AI has no significant impact on student engagement,AI eliminates the need for student engagement,b,AI tools can enhance engagement through interactive content
AI in Education: A Glance at the Intersection of AI and Academics,What is a key challenge in integrating AI into education?,Lack of available AI technologies,High cost of AI implementation,Resistance from students,Over-reliance on traditional teaching methods,b,High cost of AI implementation
AI in Education: A Glance at the Intersection of AI and Academics,Which AI-driven tool can help improve student writing skills?,Virtual reality simulations,Intelligent tutoring systems,Automated essay scoring systems,Predictive analytics,c,Automated essay scoring systems
AI in Education: A Glance at the Intersection of AI and Academics,What is the role of AI in lifelong learning?,It limits educational opportunities to formal settings,It provides continuous personalized learning opportunities,It reduces the need for professional development,It focuses solely on K-12 education,b,It provides continuous personalized learning opportunities
AI in Education: A Glance at the Intersection of AI and Academics,How can AI enhance the effectiveness of online courses?,By automating the entire learning process,By providing adaptive learning paths and personalized feedback,By replacing human instructors,By limiting course content to static materials,b,By providing adaptive learning paths and personalized feedback
Interactive Session on AI Tools,What is an AI tool?,A hardware device for AI development,Software applications that utilize AI algorithms to perform tasks,A manual for AI best practices,A data storage solution,b,Software applications that utilize AI algorithms to perform tasks
Interactive Session on AI Tools,Which of the following is an example of an AI tool used in natural language processing?,TensorFlow,PyTorch,GPT-3,Keras,c,GPT-3
Interactive Session on AI Tools,What is the primary purpose of AI development environments like TensorFlow and PyTorch?,To manage big data storage,To provide frameworks for building and training AI models,To enhance computer hardware capabilities,To design user interfaces,b,To provide frameworks for building and training AI models
Interactive Session on AI Tools,How do AI-powered chatbots benefit businesses?,By replacing human customer service agents entirely,By providing 24/7 customer support and handling repetitive queries,By increasing product prices,By eliminating the need for a website,b,By providing 24/7 customer support and handling repetitive queries
Interactive Session on AI Tools,Which AI tool is commonly used for image recognition tasks?,BERT,GPT-2,OpenCV,RNN,c,OpenCV
Interactive Session on AI Tools,What is the role of AI in predictive analytics?,To predict hardware failures,To forecast future trends based on historical data,To design new algorithms,To reduce software complexity,b,To forecast future trends based on historical data
Interactive Session on AI Tools,Which of the following is a key feature of AI-driven recommendation systems?,They can function without user data,They personalize content suggestions based on user behavior,They standardize content for all users,They operate manually,b,They personalize content suggestions based on user behavior
Interactive Session on AI Tools,What does 'NLP' stand for in the context of AI?,Neural Learning Process,Natural Language Processing,Network Link Protocol,New Learning Paradigm,b,Natural Language Processing
Interactive Session on AI Tools,Which AI tool can be used to create conversational agents?,YOLO,FastText,Rasa,ResNet,c,Rasa
Interactive Session on AI Tools,What is a 'deepfake'?,A fake piece of news generated by AI,A synthetic media in which a person in an existing image or video is replaced with someone else's likeness using AI,A tool for deep-sea exploration,A method for enhancing video quality,b,A synthetic media in which a person in an existing image or video is replaced with someone else's likeness using AI
Interactive Session on AI Tools,Which AI tool is used for speech recognition?,OpenCV,Librosa,Vosk,Keras,c,Vosk
Interactive Session on AI Tools,How does AI contribute to cybersecurity?,By creating new types of malware,By enhancing traditional security measures through anomaly detection and threat prediction,By replacing all security personnel,By reducing the cost of security hardware,b,By enhancing traditional security measures through anomaly detection and threat prediction
Interactive Session on AI Tools,Which AI tool is used for creating neural networks?,Tableau,Hadoop,PyTorch,Apache Spark,c,PyTorch
Interactive Session on AI Tools,What is the purpose of an AI-driven virtual assistant?,To perform complex data analysis,To provide automated conversational responses to user queries,To develop new software applications,To manage computer hardware resources,b,To provide automated conversational responses to user queries
Interactive Session on AI Tools,Which AI tool is commonly used for time series forecasting?,Prophet,YOLO,FastText,TensorFlow,a,Prophet
Interactive Session on AI Tools,What is the function of AI in robotic process automation (RPA)?,To design robots for manufacturing,To automate repetitive business processes and tasks,To enhance virtual reality experiences,To create AI training data,b,To automate repetitive business processes and tasks
Interactive Session on AI Tools,Which AI-powered platform is used for automating machine learning workflows?,AutoML,TensorFlow,OpenAI Gym,Apache Kafka,a,AutoML
Interactive Session on AI Tools,What is the main benefit of using AI tools in data analysis?,Increased manual data entry,Enhanced accuracy and speed in identifying patterns and insights,Reduced need for data storage,Uniform data for all analyses,b,Enhanced accuracy and speed in identifying patterns and insights
Interactive Session on AI Tools,How do AI tools assist in the healthcare industry?,By performing surgeries autonomously,By analyzing medical images and predicting patient outcomes,By prescribing medication without doctor approval,By creating new diseases for research,b,By analyzing medical images and predicting patient outcomes
Interactive Session on AI Tools,Which AI tool is used for sentiment analysis?,OpenCV,Word2Vec,VADER,YOLO,c,VADER
Basics of Prompts & Hands-on Exercises,What is a prompt in the context of AI?,A command to initiate a hardware process,A statement or question designed to elicit a response from an AI model,A type of programming language,A data storage unit,b,A statement or question designed to elicit a response from an AI model
Basics of Prompts & Hands-on Exercises,Which of the following is an example of a prompt for a language model?,What is the weather today?,Initialize dataset.,Run code.,Open file.,a,What is the weather today?
Basics of Prompts & Hands-on Exercises,What is a 'zero-shot' prompt?,A prompt without any context or examples,A prompt with multiple examples,A prompt used for image recognition,A prompt that requires human intervention,a,A prompt without any context or examples
Basics of Prompts & Hands-on Exercises,Which type of prompt provides a few examples to guide the AI's response?,Zero-shot prompt,One-shot prompt,Few-shot prompt,Direct prompt,c,Few-shot prompt
Basics of Prompts & Hands-on Exercises,Why is prompt engineering important?,It helps in optimizing hardware performance,It ensures accurate and relevant responses from AI models,It reduces the need for data collection,It standardizes software development,b,It ensures accurate and relevant responses from AI models
Basics of Prompts & Hands-on Exercises,What is an essential skill in prompt engineering?,Coding in multiple languages,Understanding AI model architecture,Crafting clear and specific prompts,Managing large datasets,c,Crafting clear and specific prompts
Basics of Prompts & Hands-on Exercises,Which AI model is known for its proficiency in responding to text prompts?,ResNet,GPT-3,YOLO,AlexNet,b,GPT-3
Basics of Prompts & Hands-on Exercises,How can you improve the quality of responses from an AI model?,By using ambiguous and open-ended prompts,By refining and clarifying the prompts used,By reducing the number of prompts,By minimizing training data,b,By refining and clarifying the prompts used
Basics of Prompts & Hands-on Exercises,What is the effect of providing too much context in a prompt?,It enhances the AI's performance,It might confuse the AI and reduce response quality,It reduces computational requirements,It has no significant effect,b,It might confuse the AI and reduce response quality
Basics of Prompts & Hands-on Exercises,Which exercise can help in learning prompt engineering?,Studying hardware configurations,Writing and testing various prompts with an AI model,Developing new AI algorithms,Analyzing software bugs,b,Writing and testing various prompts with an AI model
Basics of Prompts & Hands-on Exercises,What is the role of feedback in prompt engineering?,To train new AI models,To improve the clarity and effectiveness of prompts,To enhance hardware performance,To compile large datasets,b,To improve the clarity and effectiveness of prompts
Basics of Prompts & Hands-on Exercises,Which type of prompt is most useful for generating creative content?,Technical prompt,Descriptive prompt,Abstract prompt,Open-ended prompt,d,Open-ended prompt
Basics of Prompts & Hands-on Exercises,What is a 'one-shot' prompt?,A prompt with one example to guide the AI's response,A prompt with no examples,A prompt used for image classification,A prompt that generates only one response,a,A prompt with one example to guide the AI's response
Basics of Prompts & Hands-on Exercises,How can you test the effectiveness of a prompt?,By running it through different AI models,By evaluating the relevance and accuracy of the AI's response,By analyzing hardware performance metrics,By conducting manual reviews,b,By evaluating the relevance and accuracy of the AI's response
Basics of Prompts & Hands-on Exercises,What does an 'ambiguous prompt' lead to?,Clear and precise responses,Vague or irrelevant responses,Faster processing times,Enhanced AI understanding,b,Vague or irrelevant responses
Basics of Prompts & Hands-on Exercises,Why should prompts be contextually relevant?,To improve hardware efficiency,To ensure the AI understands the context and provides accurate responses,To reduce the complexity of the model,To increase data storage capacity,b,To ensure the AI understands the context and provides accurate responses
Basics of Prompts & Hands-on Exercises,What is a practical application of prompt engineering in customer service?,Generating automated and personalized responses to customer inquiries,Designing customer feedback forms,Managing customer data storage,Analyzing customer purchase history,a,Generating automated and personalized responses to customer inquiries
Basics of Prompts & Hands-on Exercises,What is the primary challenge in prompt engineering?,Designing new AI models,Ensuring prompts are both clear and specific enough to elicit desired responses,Managing large datasets,Enhancing hardware capabilities,b,Ensuring prompts are both clear and specific enough to elicit desired responses
Basics of Prompts & Hands-on Exercises,Which type of AI model response is typically aimed for with a prompt?,Random response,Detailed and contextually accurate response,Generic response,Minimal response,b,Detailed and contextually accurate response
Basics of Prompts & Hands-on Exercises,How can iterative testing improve prompt engineering?,By developing new AI models,By refining prompts through trial and error to achieve optimal responses,By increasing data storage capacity,By enhancing hardware speed,b,By refining prompts through trial and error to achieve optimal responses
How to: Prompts,What is the first step in creating an effective prompt?,Writing the prompt in a programming language,Defining the desired outcome or response,Choosing a random topic,Minimizing the length of the prompt,b,Defining the desired outcome or response
How to: Prompts,Why is clarity important in prompt creation?,It reduces processing time,It ensures the AI can understand and respond accurately,It improves hardware performance,It increases data storage capacity,b,It ensures the AI can understand and respond accurately
How to: Prompts,How can context be provided in a prompt?,By using technical jargon,By giving background information relevant to the question,By making the prompt as short as possible,By avoiding any specific details,b,By giving background information relevant to the question
How to: Prompts,What should be avoided when creating prompts?,Using specific and clear language,Including ambiguous or vague terms,Providing examples,Structuring the prompt logically,b,Including ambiguous or vague terms
How to: Prompts,How can examples improve the effectiveness of a prompt?,They reduce the need for context,They provide clear guidance on the expected type of response,They make the prompt shorter,They increase the complexity of the prompt,b,They provide clear guidance on the expected type of response
How to: Prompts,What is a common technique to ensure specificity in prompts?,Asking open-ended questions,Using keywords and phrases that focus the AI's response,Including irrelevant details,Avoiding any instructions,b,Using keywords and phrases that focus the AI's response
How to: Prompts,Why might you use a step-by-step prompt?,To increase the AI's response time,To guide the AI through a complex process systematically,To simplify the task for the AI,To provide minimal context,b,To guide the AI through a complex process systematically
How to: Prompts,What is the purpose of iterative refinement in prompt engineering?,To reduce the number of prompts needed,To continuously improve the prompt for better AI responses,To increase the length of the prompt,To minimize the use of examples,b,To continuously improve the prompt for better AI responses
How to: Prompts,How can feedback be utilized in prompt engineering?,By ignoring AI responses,By using AI responses to refine and enhance the prompt,By reducing the number of prompts,By focusing only on successful prompts,b,By using AI responses to refine and enhance the prompt
How to: Prompts,Which of the following can help in making a prompt more engaging?,Using passive language,Asking rhetorical questions,Incorporating interactive elements or questions,Avoiding any form of interaction,c,Incorporating interactive elements or questions
How to: Prompts,How can you test the effectiveness of a newly created prompt?,By running it through multiple AI models and analyzing the responses,By assuming it will work without testing,By minimizing the number of test cases,By avoiding any feedback,a,By running it through multiple AI models and analyzing the responses
How to: Prompts,Why is it beneficial to keep prompts concise?,To reduce computational overhead,To ensure clarity and focus in the AI's response,To avoid detailed responses,To simplify data storage,b,To ensure clarity and focus in the AI's response
How to: Prompts,What is the benefit of using natural language in prompts?,It enhances the processing power of the AI,It ensures the AI can interpret and respond accurately,It reduces the number of prompts needed,It simplifies the underlying algorithms,b,It ensures the AI can interpret and respond accurately
How to: Prompts,Which technique helps in crafting effective prompts for creative writing?,Using strict and technical language,Providing vivid scenarios and descriptive language,Limiting the length of the prompt to a few words,Avoiding any form of creativity,b,Providing vivid scenarios and descriptive language
How to: Prompts,How can specificity in prompts be enhanced?,By using general terms and phrases,By including specific details and clear instructions,By avoiding examples,By making the prompt ambiguous,b,By including specific details and clear instructions
How to: Prompts,What is the role of question prompts?,To increase the AI's response time,To direct the AI to provide relevant and specific information,To make the prompt more ambiguous,To simplify the AI's task,b,To direct the AI to provide relevant and specific information
How to: Prompts,Why should redundancy be avoided in prompts?,To reduce processing time,To ensure clarity and prevent confusion in the AI's response,To minimize the length of the prompt,To enhance data storage capacity,b,To ensure clarity and prevent confusion in the AI's response
How to: Prompts,What is the benefit of using iterative examples in prompts?,They reduce the need for context,They help the AI learn from progressively more complex examples,They increase the length of the prompt,They simplify the task for the AI,b,They help the AI learn from progressively more complex examples
Understanding How Prompts Create a Difference,How do prompts influence AI responses?,They increase computational power,They guide the AI in generating relevant and accurate responses,They determine the storage capacity,They reduce the complexity of algorithms,b,They guide the AI in generating relevant and accurate responses
Understanding How Prompts Create a Difference,What is the impact of a well-crafted prompt on an AI model?,It reduces processing time,It enhances the quality and relevance of the AI's output,It increases the need for data storage,It simplifies the AI's architecture,b,It enhances the quality and relevance of the AI's output
Understanding How Prompts Create a Difference,Which aspect of prompts is crucial for obtaining specific responses?,Ambiguity,Clarity and specificity,Length of the prompt,Complexity,b,Clarity and specificity
Understanding How Prompts Create a Difference,How can prompts be tailored to different AI applications?,By using the same prompt for all applications,By customizing the prompt based on the application's requirements and context,By avoiding any modifications,By increasing the length of the prompt,b,By customizing the prompt based on the application's requirements and context
Understanding How Prompts Create a Difference,What is a direct effect of an ambiguous prompt?,Accurate responses,Confusing or irrelevant responses,Faster processing times,Enhanced AI understanding,b,Confusing or irrelevant responses
Understanding How Prompts Create a Difference,How does prompt specificity affect AI learning?,It hinders the AI's learning process,It improves the AI's ability to learn and generalize from the prompts,It increases the complexity of learning,It reduces the need for training data,b,It improves the AI's ability to learn and generalize from the prompts
Understanding How Prompts Create a Difference,Why is context important in prompt creation?,It decreases the response time,It ensures the AI understands the background and generates relevant responses,It simplifies the AI's task,It increases data storage requirements,b,It ensures the AI understands the background and generates relevant responses
Understanding How Prompts Create a Difference,What role do examples play in prompt effectiveness?,They reduce the AI's ability to learn,They provide clear guidance on the expected type of response,They increase the length of the prompt,They simplify the AI's processing,b,They provide clear guidance on the expected type of response
Understanding How Prompts Create a Difference,How can prompts be optimized for better performance?,By making them as complex as possible,By refining and iterating based on AI feedback,By reducing the length of the prompt,By using generic language,b,By refining and iterating based on AI feedback
Understanding How Prompts Create a Difference,What is the outcome of a poorly designed prompt?,High-quality responses,Irrelevant or incorrect responses,Reduced processing time,Increased accuracy,b,Irrelevant or incorrect responses
Understanding How Prompts Create a Difference,Why should prompts be clear and unambiguous?,To increase the AI's response time,To ensure the AI generates accurate and relevant responses,To enhance the complexity of the task,To minimize data storage,b,To ensure the AI generates accurate and relevant responses
Understanding How Prompts Create a Difference,What is the benefit of using feedback in prompt engineering?,It helps in refining and improving the prompts for better responses,It reduces the need for examples,It simplifies the prompt creation process,It increases the ambiguity of prompts,a,It helps in refining and improving the prompts for better responses
Understanding How Prompts Create a Difference,What is a common mistake in prompt creation?,Using specific and detailed instructions,Including too much context and information,Providing clear and concise prompts,Using relevant examples,b,Including too much context and information
Understanding How Prompts Create a Difference,How can prompt engineering enhance user interaction with AI?,By making the interaction more complex,By ensuring the AI responds accurately and helpfully,By reducing the number of prompts,By minimizing user input,b,By ensuring the AI responds accurately and helpfully
Understanding How Prompts Create a Difference,What is the impact of iterative testing on prompt quality?,It reduces prompt effectiveness,It helps in refining prompts for better accuracy and relevance,It increases the length of the prompt,It complicates the prompt engineering process,b,It helps in refining prompts for better accuracy and relevance
Understanding How Prompts Create a Difference,How do prompts affect AI training?,They have no effect on training,They guide the AI in understanding how to respond to similar future queries,They reduce the need for training data,They simplify the AI model,b,They guide the AI in understanding how to respond to similar future queries
Understanding How Prompts Create a Difference,Why is it important to test prompts with different AI models?,To increase the complexity of the prompt,To ensure the prompt is effective across various models,To minimize the length of the prompt,To avoid using examples,b,To ensure the prompt is effective across various models
Techniques for Crafting Subject-Specific Prompts,What is the first step in creating a subject-specific prompt?,Identifying the specific subject and context,Using a general template for all subjects,Minimizing the length of the prompt,Avoiding any specific details,a,Identifying the specific subject and context
Techniques for Crafting Subject-Specific Prompts,Why is domain knowledge important in crafting subject-specific prompts?,It reduces the AI's processing time,It ensures the prompt is relevant and accurate for the subject,It increases the length of the prompt,It simplifies the task for the AI,b,It ensures the prompt is relevant and accurate for the subject
Techniques for Crafting Subject-Specific Prompts,How can prompts for science subjects be optimized?,By using general language,By including detailed explanations and scientific terminology,By avoiding any technical terms,By reducing the length of the prompt,b,By including detailed explanations and scientific terminology
Techniques for Crafting Subject-Specific Prompts,What is an effective approach for crafting prompts in literature?,Using minimal context,Providing background information and references to literary works,Avoiding any examples,Using technical language,b,Providing background information and references to literary works
Techniques for Crafting Subject-Specific Prompts,Why is it important to use examples in subject-specific prompts?,To reduce the AI's learning capabilities,To guide the AI in understanding the type of response needed,To increase the length of the prompt,To simplify the AI's task,b,To guide the AI in understanding the type of response needed
Techniques for Crafting Subject-Specific Prompts,What is a key consideration when crafting prompts for social sciences?,Using highly technical language,Providing context and examples related to social theories and concepts,Avoiding any form of explanation,Reducing the length of the prompt,b,Providing context and examples related to social theories and concepts
Techniques for Crafting Subject-Specific Prompts,How can prompts for technology subjects be enhanced?,By using general language,By including technical specifications and relevant examples,By avoiding any technical terms,By minimizing the length of the prompt,b,By including technical specifications and relevant examples
Techniques for Crafting Subject-Specific Prompts,Which technique helps in crafting effective prompts for arts and humanities?,Using minimal context,Providing detailed descriptions and references to artistic works,Avoiding any specific details,Using technical language,b,Providing detailed descriptions and references to artistic works
Techniques for Crafting Subject-Specific Prompts,Why should prompts for different subjects be customized?,To increase the length of the prompt,To ensure relevance and accuracy based on the subject matter,To reduce the need for examples,To simplify the prompt creation process,b,To ensure relevance and accuracy based on the subject matter
Techniques for Crafting Subject-Specific Prompts,What is the role of specificity in subject-specific prompts?,It reduces the AI's response time,It ensures the AI provides accurate and relevant responses,It complicates the task for the AI,It minimizes the need for context,b,It ensures the AI provides accurate and relevant responses
Techniques for Crafting Subject-Specific Prompts,Why is context important in crafting prompts for medical studies?,It decreases the complexity of the task,It ensures the AI understands medical terminology and patient scenarios,It reduces the AI's processing time,It simplifies the prompt creation process,b,It ensures the AI understands medical terminology and patient scenarios
Techniques for Crafting Subject-Specific Prompts,Why is it beneficial to tailor prompts to specific academic levels?,To increase the length of the prompt,To ensure the complexity and depth of the prompt match the learners' level,To simplify the prompt creation process,To reduce the need for examples,b,To ensure the complexity and depth of the prompt match the learners' level
Techniques for Crafting Subject-Specific Prompts,What is the role of detailed instructions in subject-specific prompts?,They reduce the AI's ability to learn,They provide clear guidance on the expected type of response,They increase the length of the prompt,They complicate the AI's processing,b,They provide clear guidance on the expected type of response
Case Studies and Analysis,What is the primary purpose of using case studies in prompt engineering?,To create ambiguous prompts,To provide real-world examples of how prompts are used and their effects,To reduce the need for detailed instructions,To avoid using specific examples,b,To provide real-world examples of how prompts are used and their effects
Case Studies and Analysis,How can case studies benefit prompt engineers?,By increasing the length of prompts,By offering insights into successful and unsuccessful prompt strategies,By complicating the prompt creation process,By reducing the need for feedback,b,By offering insights into successful and unsuccessful prompt strategies
Case Studies and Analysis,What is a key element to include when analyzing a case study in prompt engineering?,General feedback,Specific details about the prompt and its outcomes,Redundant information,Irrelevant context,b,Specific details about the prompt and its outcomes
Case Studies and Analysis,Why is it important to understand the context in a case study?,It simplifies the analysis,It ensures accurate interpretation of the results and applicability to similar scenarios,It increases the length of the case study,It reduces the need for specific details,b,It ensures accurate interpretation of the results and applicability to similar scenarios
Case Studies and Analysis,Which of the following is a common use of case studies in AI education?,To obscure successful practices,To highlight best practices and lessons learned,To complicate the learning process,To avoid real-world applications,b,To highlight best practices and lessons learned
Case Studies and Analysis,How can analyzing failed prompts be beneficial?,It can reduce the length of future prompts,It provides valuable lessons on what to avoid and how to improve,It complicates the learning process,It simplifies the feedback mechanism,b,It provides valuable lessons on what to avoid and how to improve
Case Studies and Analysis,How can case studies help in understanding the impact of prompt engineering?,By reducing the complexity of prompts,By showcasing the direct effects of different prompting techniques,By avoiding specific examples,By simplifying the analysis process,b,By showcasing the direct effects of different prompting techniques
Case Studies and Analysis,What is the benefit of comparing multiple case studies?,It complicates the learning process,It provides a broader perspective on effective and ineffective prompting strategies,It reduces the need for detailed instructions,It minimizes the length of prompts,b,It provides a broader perspective on effective and ineffective prompting strategies
Case Studies and Analysis,Which method is often used to present case study results effectively?,Vague summaries,Detailed reports with clear visuals and data,Redundant information,Ambiguous descriptions,b,Detailed reports with clear visuals and data
Case Studies and Analysis,Why is it important to identify challenges in case studies?,To obscure best practices,To understand potential pitfalls and how to overcome them,To reduce the length of the study,To avoid detailed analysis,b,To understand potential pitfalls and how to overcome them
Case Studies and Analysis,What can be learned from successful prompt case studies?,Only what not to do,Best practices and effective strategies for prompt creation,How to reduce prompt length,How to complicate the prompt creation process,b,Best practices and effective strategies for prompt creation
Case Studies and Analysis,How should results be documented in a case study?,Vaguely,Clearly and with supporting data,Ambiguously,Minimally,b,Clearly and with supporting data
Case Studies and Analysis,What is the importance of peer review in case study analysis?,To increase the complexity of the study,To validate findings and improve the study’s credibility,To avoid detailed feedback,To simplify the analysis process,b,To validate findings and improve the study’s credibility
Case Studies and Analysis,How can case studies be used to train new prompt engineers?,By showing them what not to do,By providing concrete examples of successful and unsuccessful prompts,By minimizing their exposure to real-world applications,By reducing the complexity of training materials,b,By providing concrete examples of successful and unsuccessful prompts
Case Studies and Analysis,What role does feedback play in case study analysis?,It is unnecessary,It helps refine the case study and enhance its conclusions,It complicates the analysis process,It minimizes the length of the study,b,It helps refine the case study and enhance its conclusions
Case Studies and Analysis,Which element is crucial for a case study's applicability to other scenarios?,Specificity to one context only,Generalizability of the findings,Avoidance of detailed analysis,Reduction in length,b,Generalizability of the findings
Case Studies and Analysis,How can case studies assist in the development of new prompts?,By avoiding any specific examples,By providing a framework for what has worked or failed in the past,By reducing the length of new prompts,By complicating the prompt creation process,b,By providing a framework for what has worked or failed in the past
Case Studies and Analysis,Why is it important to include both successful and unsuccessful examples in case studies?,To increase ambiguity,To provide a balanced view and comprehensive learning,To reduce the length of the study,To simplify the feedback mechanism,b,To provide a balanced view and comprehensive learning
Case Studies and Analysis,What is the main advantage of using real-world case studies in prompt engineering training?,To obscure best practices,To offer practical insights and enhance learning through real-world applications,To reduce the need for detailed instructions,To simplify the analysis process,b,To offer practical insights and enhance learning through real-world applications
Group Activity on Prompt Creation,What is the primary objective of a group activity on prompt creation?,To minimize group interaction,To foster collaboration and enhance learning through shared experiences,To reduce the length of prompts,To avoid specific examples,b,To foster collaboration and enhance learning through shared experiences
Group Activity on Prompt Creation,Why is role assignment important in group activities?,It reduces collaboration,It helps ensure that all aspects of prompt creation are covered,It complicates the activity,It minimizes the need for interaction,b,It helps ensure that all aspects of prompt creation are covered
Group Activity on Prompt Creation,What is a key benefit of diverse perspectives in group prompt creation?,Increased ambiguity,Broader range of ideas and solutions,Reduced need for feedback,Simplified tasks,b,Broader range of ideas and solutions
Group Activity on Prompt Creation,How can feedback be effectively incorporated in group activities?,By avoiding feedback sessions,By organizing regular feedback sessions to discuss and refine prompts,By reducing the length of feedback,By complicating the feedback process,b,By organizing regular feedback sessions to discuss and refine prompts
Group Activity on Prompt Creation,Why is it beneficial to have a facilitator in group activities?,To reduce group interaction,To guide the process and ensure objectives are met,To complicate the activity,To minimize feedback,b,To guide the process and ensure objectives are met
Group Activity on Prompt Creation,What is an effective way to conclude a group prompt creation activity?,By skipping the conclusion,By summarizing the key learnings and outcomes of the activity,By reducing the length of the activity,By avoiding any feedback,b,By summarizing the key learnings and outcomes of the activity
Group Activity on Prompt Creation,What is the importance of setting clear objectives in group activities?,To reduce the need for collaboration,To ensure everyone understands the goals and works towards them,To complicate the activity,To minimize feedback,b,To ensure everyone understands the goals and works towards them
Group Activity on Prompt Creation,Why should groups be encouraged to experiment with different prompting techniques?,To reduce creativity,To discover what works best in different scenarios,To simplify the learning process,To avoid diverse perspectives,b,To discover what works best in different scenarios
Group Activity on Prompt Creation,What role does communication play in group prompt creation?,It reduces effectiveness,It ensures ideas are shared and understood among all group members,It complicates the activity,It minimizes the need for collaboration,b,It ensures ideas are shared and understood among all group members
Group Activity on Prompt Creation,Why is it important to document the process and results of group activities?,To increase ambiguity,To provide a record for review and future reference,To reduce the length of the activity,To avoid detailed analysis,b,To provide a record for review and future reference
Group Activity on Prompt Creation,How can conflicts be managed during group activities?,By avoiding them,By having a facilitator mediate and encourage constructive discussion,By reducing interaction,By simplifying tasks,b,By having a facilitator mediate and encourage constructive discussion
Group Activity on Prompt Creation,What is an effective way to encourage participation in group activities?,By minimizing interaction,By assigning specific roles and responsibilities to each member,By complicating the tasks,By reducing the need for feedback,b,By assigning specific roles and responsibilities to each member
Group Activity on Prompt Creation,Why should group activities include time for independent work as well?,To reduce collaboration,To allow individuals to process information and develop their own ideas,To complicate the process,To minimize feedback,b,To allow individuals to process information and develop their own ideas
Group Activity on Prompt Creation,How can the success of a group prompt creation activity be measured?,By ignoring the outcomes,By evaluating the quality of the prompts created and the collaboration process,By simplifying the tasks,By reducing feedback,b,By evaluating the quality of the prompts created and the collaboration process
Assignment Work and Discussion,What is the primary purpose of assignments in prompt engineering training?,To minimize learning,To provide practical application and reinforce learning,To reduce the need for feedback,To complicate the training process,b,To provide practical application and reinforce learning
Assignment Work and Discussion,How can assignments help in understanding prompt engineering concepts?,By avoiding practical tasks,By allowing students to apply concepts in real-world scenarios,By simplifying the learning process,By reducing interaction,b,By allowing students to apply concepts in real-world scenarios
Assignment Work and Discussion,What is an effective way to design assignments for prompt engineering?,Using ambiguous instructions,Providing clear objectives and guidelines,Avoiding detailed tasks,Reducing the length of assignments,b,Providing clear objectives and guidelines
Assignment Work and Discussion,Why is feedback important in assignments?,To complicate the learning process,To help students understand their mistakes and improve,To reduce interaction,To minimize the length of assignments,b,To help students understand their mistakes and improve
Assignment Work and Discussion,What role do discussions play in assignment work?,They reduce the effectiveness of assignments,They provide an opportunity to explore different perspectives and solutions,They simplify the learning process,They minimize feedback,b,They provide an opportunity to explore different perspectives and solutions
Assignment Work and Discussion,How can peer reviews enhance the learning experience in assignments?,By reducing interaction,By providing constructive feedback and new insights,By complicating the review process,By minimizing detailed analysis,b,By providing constructive feedback and new insights
Assignment Work and Discussion,What is a common method to ensure assignments are completed effectively?,Giving vague instructions,Setting clear deadlines and expectations,Reducing the need for guidance,Simplifying the tasks,b,Setting clear deadlines and expectations
Assignment Work and Discussion,How can assignment discussions benefit students?,By reducing their understanding,By allowing them to clarify doubts and deepen their understanding,By complicating the learning process,By minimizing feedback,b,By allowing them to clarify doubts and deepen their understanding
Assignment Work and Discussion,What is the importance of setting realistic and challenging assignment tasks?,To simplify the learning process,To motivate students and encourage skill development,To reduce the length of assignments,To minimize the need for feedback,b,To motivate students and encourage skill development
Assignment Work and Discussion,Why should assignments include real-world applications?,To complicate the tasks,To help students see the relevance of what they are learning,To reduce interaction,To minimize the length of assignments,b,To help students see the relevance of what they are learning
Assignment Work and Discussion,What is a benefit of group assignments in prompt engineering?,They reduce collaboration,They encourage teamwork and diverse perspectives,They complicate the assignment process,They minimize feedback,b,They encourage teamwork and diverse perspectives
Assignment Work and Discussion,What is an effective way to integrate discussions into assignment work?,By avoiding discussions,By organizing regular discussion sessions to review and critique assignments,By simplifying the process,By minimizing feedback,b,By organizing regular discussion sessions to review and critique assignments
Assignment Work and Discussion,Why should students be encouraged to reflect on their assignments?,To reduce their understanding,To help them recognize their strengths and areas for improvement,To complicate the learning process,To minimize feedback,b,To help them recognize their strengths and areas for improvement
Assignment Work and Discussion,How can assignments be used to assess student progress in prompt engineering?,By simplifying the tasks,By evaluating the application of concepts and problem-solving skills,By reducing the length of assignments,By avoiding detailed analysis,b,By evaluating the application of concepts and problem-solving skills
Assignment Work and Discussion,What is the benefit of using case studies in assignments?,They reduce the relevance of learning,They provide real-world context and practical application of concepts,They complicate the assignment process,They minimize feedback,b,They provide real-world context and practical application of concepts
Assignment Work and Discussion,Why is it important to align assignments with learning objectives?,To reduce the complexity of tasks,To ensure that assignments effectively reinforce and assess key concepts,To simplify the learning process,To minimize interaction,b,To ensure that assignments effectively reinforce and assess key concepts
Assignment Work and Discussion,How can self-assessment be incorporated into assignment work?,By avoiding it,By providing tools and criteria for students to evaluate their own work,By reducing the length of assignments,By simplifying the feedback process,b,By providing tools and criteria for students to evaluate their own work
Advanced Prompt Engineering,What distinguishes advanced prompt engineering from basic prompt engineering?,Simplified instructions,More complex and nuanced strategies for generating responses,Reduced interaction with AI models,Less focus on specific outcomes,b,More complex and nuanced strategies for generating responses
Advanced Prompt Engineering,Which of the following is a key element of advanced prompt engineering?,Minimal context,Incorporation of multi-turn conversations,Avoidance of detailed prompts,Simplified tasks,b,Incorporation of multi-turn conversations
Advanced Prompt Engineering,How does fine-tuning a model relate to advanced prompt engineering?,It reduces the model's capabilities,It customizes the AI model to better respond to specific types of prompts,It simplifies the prompt creation process,It avoids using detailed datasets,b,It customizes the AI model to better respond to specific types of prompts
Advanced Prompt Engineering,What is a benefit of using advanced prompting techniques?,Decreased model accuracy,Enhanced ability to generate contextually appropriate and complex responses,Reduced need for training data,Simplified interaction with AI,b,Enhanced ability to generate contextually appropriate and complex responses
Advanced Prompt Engineering,What is one advanced technique for improving prompt effectiveness?,Using generic language,Implementing feedback loops to refine prompts based on responses,Avoiding specific instructions,Reducing the length of prompts,b,Implementing feedback loops to refine prompts based on responses
Advanced Prompt Engineering,Why is it important to understand the AI model’s limitations in advanced prompt engineering?,To ignore its weaknesses,To tailor prompts that maximize the model's strengths and mitigate its limitations,To complicate the prompt creation process,To reduce the need for context,b,To tailor prompts that maximize the model's strengths and mitigate its limitations
Advanced Prompt Engineering,What role does user feedback play in advanced prompt engineering?,It is unnecessary,It helps refine and improve prompt strategies over time,It complicates the process,It minimizes interaction with the AI,b,It helps refine and improve prompt strategies over time
Advanced Prompt Engineering,How can incorporating domain-specific knowledge enhance advanced prompts?,By reducing the relevance of the prompts,By making responses more accurate and relevant to specific contexts,By simplifying the prompts,By avoiding detailed information,b,By making responses more accurate and relevant to specific contexts
Advanced Prompt Engineering,What is the impact of using advanced linguistic techniques in prompt engineering?,It reduces the AI’s understanding,It enhances the AI’s ability to generate sophisticated and nuanced responses,It complicates the language used,It minimizes the context provided,b,It enhances the AI’s ability to generate sophisticated and nuanced responses
Advanced Prompt Engineering,Why is iterative testing important in advanced prompt engineering?,To increase ambiguity,To continuously improve prompt performance through trial and error,To reduce the number of prompts needed,To simplify the testing process,b,To continuously improve prompt performance through trial and error
Advanced Prompt Engineering,How does understanding user intent improve advanced prompt engineering?,By ignoring the user's goals,By creating prompts that more accurately align with what the user wants to achieve,By reducing the need for context,By simplifying the interaction,b,By creating prompts that more accurately align with what the user wants to achieve
Advanced Prompt Engineering,Why is it crucial to consider the AI’s training data in advanced prompt engineering?,To avoid using relevant data,To ensure prompts are designed to leverage the AI’s strengths and compensate for its biases,To reduce the complexity of prompts,To simplify the AI model,b,To ensure prompts are designed to leverage the AI’s strengths and compensate for its biases
Advanced Prompt Engineering,What advanced technique can be used to handle ambiguous user inputs?,Ignoring ambiguity,Implementing clarifying questions to gather more information,Simplifying the prompts,Reducing the context provided,b,Implementing clarifying questions to gather more information
Advanced Prompt Engineering,How can prompt engineering be tailored for multilingual AI models?,By using only one language,By incorporating language-specific nuances and cultural context,By reducing the length of prompts,By avoiding detailed instructions,b,By incorporating language-specific nuances and cultural context
Advanced Prompt Engineering,What is the advantage of using conditional logic in advanced prompt engineering?,It reduces prompt flexibility,It allows for more dynamic and responsive interactions based on user input,It simplifies the interaction,It minimizes the context provided,b,It allows for more dynamic and responsive interactions based on user input
Advanced Prompt Engineering,Why is it important to regularly update prompts in advanced prompt engineering?,To avoid improvements,To keep up with evolving user needs and AI capabilities,To reduce prompt complexity,To simplify the interaction,b,To keep up with evolving user needs and AI capabilities
Advanced Prompt Engineering,How can sentiment analysis be incorporated into advanced prompt engineering?,By ignoring user emotions,By tailoring responses to match the user’s emotional tone and context,By simplifying the prompts,By reducing the length of prompts,b,By tailoring responses to match the user’s emotional tone and context
Advanced Prompt Engineering,What is the significance of using prompts with fallback options?,To reduce flexibility,To ensure the AI can handle unexpected or incorrect inputs gracefully,To simplify the interaction,To minimize context,b,To ensure the AI can handle unexpected or incorrect inputs gracefully
Deep Dive into Advanced Strategies,What is the purpose of deep diving into advanced strategies in prompt engineering?,To avoid complex concepts,To explore sophisticated techniques that enhance AI responses,To reduce the length of prompts,To simplify the learning process,b,To explore sophisticated techniques that enhance AI responses
Deep Dive into Advanced Strategies,How can pattern recognition improve prompt engineering?,By ignoring recurring issues,By identifying common themes and improving response accuracy,By simplifying prompts,By reducing the context provided,b,By identifying common themes and improving response accuracy
Deep Dive into Advanced Strategies,Why is user modeling important in advanced prompt engineering?,To reduce user engagement,To tailor prompts to specific user profiles and preferences,To complicate the interaction,To minimize context,b,To tailor prompts to specific user profiles and preferences
Deep Dive into Advanced Strategies,How does leveraging AI explainability enhance advanced prompt engineering?,By reducing transparency,By providing insights into how and why AI generates certain responses,By complicating the interaction,By minimizing user understanding,b,By providing insights into how and why AI generates certain responses
Deep Dive into Advanced Strategies,What is the role of continuous learning in advanced prompt engineering?,To avoid model updates,To keep the AI model up-to-date with new data and techniques,To simplify the learning process,To reduce the context provided,b,To keep the AI model up-to-date with new data and techniques
Deep Dive into Advanced Strategies,How can scenario-based prompts be used in advanced strategies?,By avoiding specific scenarios,By simulating real-world situations to enhance contextual responses,By simplifying the prompts,By reducing the length of scenarios,b,By simulating real-world situations to enhance contextual responses
Deep Dive into Advanced Strategies,What is the significance of incorporating ethical considerations in advanced prompt engineering?,To ignore potential biases,To ensure AI responses are fair and unbiased,To complicate prompt creation,To minimize ethical concerns,b,To ensure AI responses are fair and unbiased
Deep Dive into Advanced Strategies,Why is cross-disciplinary knowledge beneficial in advanced prompt engineering?,To reduce context diversity,To bring diverse perspectives and enhance prompt quality,To simplify the prompts,To minimize detailed analysis,b,To bring diverse perspectives and enhance prompt quality
Deep Dive into Advanced Strategies,How can incorporating user feedback loops improve advanced prompt strategies?,By ignoring feedback,By refining prompts based on user input and behavior,By complicating the feedback process,By reducing the need for feedback,b,By refining prompts based on user input and behavior
Customizing Prompts for Diverse Learning Styles,Why is it important to customize prompts for different learning styles?,To simplify the learning process,To enhance engagement and effectiveness for all learners,To reduce the complexity of prompts,To minimize feedback,b,To enhance engagement and effectiveness for all learners
Customizing Prompts for Diverse Learning Styles,What learning style benefits from visual prompts?,Kinesthetic learners,Visual learners,Auditory learners,Verbal learners,b,Visual learners
Customizing Prompts for Diverse Learning Styles,How can prompts be customized for auditory learners?,By using visual aids,By incorporating spoken instructions or discussions,By focusing on hands-on activities,By reducing auditory content,b,By incorporating spoken instructions or discussions
Customizing Prompts for Diverse Learning Styles,What type of prompts would be most effective for kinesthetic learners?,Text-based prompts,Visual aids,Hands-on activities and interactive tasks,Auditory instructions,c,Hands-on activities and interactive tasks
Customizing Prompts for Diverse Learning Styles,How can prompts be adapted to support verbal learners?,By reducing written content,By including writing tasks and discussions,By avoiding verbal instructions,By focusing solely on visual aids,b,By including writing tasks and discussions
Customizing Prompts for Diverse Learning Styles,Which learning style benefits from prompts that include storytelling?,Logical learners,Kinesthetic learners,Auditory learners,Visual learners,c,Auditory learners
Customizing Prompts for Diverse Learning Styles,How can prompts be tailored for social learners?,By reducing group activities,By incorporating collaborative tasks and discussions,By avoiding social interactions,By focusing on individual tasks,b,By incorporating collaborative tasks and discussions
Customizing Prompts for Diverse Learning Styles,What is an effective way to create prompts for solitary learners?,By minimizing independent tasks,By including individual projects and self-paced activities,By focusing on group work,By reducing reflective tasks,b,By including individual projects and self-paced activities
Customizing Prompts for Diverse Learning Styles,How can prompts be designed to appeal to intrapersonal learners?,By reducing personal reflection,By encouraging self-reflection and personal goal setting,By focusing on group interactions,By avoiding introspective tasks,b,By encouraging self-reflection and personal goal setting
Customizing Prompts for Diverse Learning Styles,What is a common method to accommodate diverse learning styles in prompts?,Using a one-size-fits-all approach,Incorporating a variety of tasks that cater to different preferences,Simplifying the tasks,Minimizing content diversity,b,Incorporating a variety of tasks that cater to different preferences
Customizing Prompts for Diverse Learning Styles,How can technology aid in customizing prompts for different learning styles?,By reducing content variety,By offering tools and resources tailored to various learning preferences,By simplifying the prompts,By avoiding the use of multimedia,b,By offering tools and resources tailored to various learning preferences
Customizing Prompts for Diverse Learning Styles,What is the benefit of using interactive prompts for diverse learners?,Reduced engagement,Enhanced engagement through active participation,Simplified learning process,Minimized feedback,b,Enhanced engagement through active participation
Customizing Prompts for Diverse Learning Styles,How can feedback be tailored to different learning styles?,By ignoring learning preferences,By providing feedback in formats that suit individual learner styles,By reducing the detail in feedback,By simplifying the feedback process,b,By providing feedback in formats that suit individual learner styles
Customizing Prompts for Diverse Learning Styles,Why is flexibility important in prompt design for diverse learning styles?,To avoid catering to individual needs,To allow adaptation based on learner preferences and needs,To simplify the learning process,To reduce content diversity,b,To allow adaptation based on learner preferences and needs
Customizing Prompts for Diverse Learning Styles,What role does student choice play in customizing prompts?,It reduces engagement,It empowers learners to select tasks that align with their strengths,It complicates the prompt creation process,It minimizes flexibility,b,It empowers learners to select tasks that align with their strengths
Customizing Prompts for Diverse Learning Styles,How can prompts be adapted for creative learners?,By focusing solely on logical tasks,By incorporating open-ended tasks and opportunities for innovation,By reducing creative elements,By simplifying instructions,b,By incorporating open-ended tasks and opportunities for innovation
Customizing Prompts for Diverse Learning Styles,Why should prompts include real-world applications for diverse learners?,To reduce relevance,To make learning more meaningful and applicable,To simplify the tasks,To avoid practical examples,b,To make learning more meaningful and applicable
Customizing Prompts for Diverse Learning Styles,What is an effective strategy for engaging different learning styles simultaneously?,Using a single method of instruction,Combining various instructional strategies within a single prompt,Simplifying the content,Reducing task diversity,b,Combining various instructional strategies within a single prompt
Customizing Prompts for Diverse Learning Styles,How can cultural context be considered in prompts for diverse learners?,By ignoring cultural backgrounds,By including culturally relevant examples and references,By simplifying the content,By minimizing cultural references,b,By including culturally relevant examples and references